0.119774681,0.303334963,-2.029597809,-0.983306487,4.786951293,4.829901674
0.936324964,0.49046794,-0.089471363,-0.700263124,4.671451337,1.437668938
0.092602614,0.828033949,-1.695399465,-1.61060004,1.087184124,0.572267386
0.995216941,0.555368309,-2.253883647,-3.033566423,3.216776335,5.108605644
0.576876913,0.955336476,-1.315923901,-0.942493949,3.317963323,0.608338059
0.243852976,0.269429221,-1.479040476,-1.285110818,5.208852985,4.654698207
0.149177475,0.47252522,-2.627746589,-1.647847939,2.249373568,4.140272271
0.392705018,0.75889258,0.165977434,-0.3057721,1.215903214,1.495578329
0.345697498,0.578619775,-0.389989968,1.058678198,6.210082511,1.708862295
0.348178497,0.767834464,-1.247668122,-1.923184725,0.455981751,5.127747673
0.031180889,0.449838774,-1.405066908,-1.118807245,2.862068411,0.144135228
0.95335602,0.982956517,-2.743659366,-0.183480623,5.320462703,1.376674821
0.901032772,0.007290711,-0.642796007,-2.021224106,1.316657263,3.816174078
0.423472213,0.958416187,-2.666882145,-0.325275944,0.70483245,5.32952216
0.406937822,0.345346398,-0.131665963,-0.776632352,3.470640426,1.592926299
0.810607331,0.917627755,-0.369390566,-0.144948975,1.052992786,1.095702403
0.020136237,0.417115971,-2.260873768,-1.99433991,3.8478674,1.9494677
0.39514521,0.504327012,-2.634758868,-0.290342466,4.196674157,1.552445153
0.400509938,0.2870564,-1.367213031,-2.108555405,-0.351729631,8.25902643
0.948166637,0.900361815,-1.651330284,-2.285415852,3.557860488,0.19412664
0.440617054,0.338326921,-1.206051828,0.652831339,0.447907275,0.689020406
0.704532697,0.400093465,1.3850205,-0.710158913,0.584901699,5.672187291
0.48671896,0.861355614,-2.693775022,-0.988879207,1.135621045,4.619213865
0.432311035,0.743323545,1.170050934,1.349302037,4.839841921,9.241555534
0.747092837,0.993082979,-2.499780041,-0.534466818,4.490212239,5.768985238
0.729011512,0.917249223,-3.000320585,-1.167114989,2.557364656,6.478441021
0.365744175,0.222351174,-2.919119432,1.045928803,4.92527286,0.365049615
0.602193809,0.163735683,0.157428716,-0.656469987,1.896187282,1.252652087
0.862240014,0.199933292,-1.142955011,-1.81938522,4.965225148,1.399601216
0.486587474,0.293878419,-0.757510647,-1.302624062,1.960035224,0.699379167
0.714407681,0.81726999,-0.28046596,-0.64939775,5.56942915,0.512621292
0.273468522,0.433082282,-2.184758917,-1.068642185,5.555233654,4.66731483
0.383284736,0.452180439,-0.782595382,1.16618297,1.391115481,1.022782348
0.856289006,0.052819231,0.42474857,-0.133955975,3.866195597,5.125221757
0.183323657,0.735572094,-1.940225228,-0.750322397,1.882977405,6.712958144
0.084097611,0.168372376,-1.846823123,0.160848615,1.335068818,5.559719311
0.465614364,0.682182047,-1.769649049,-1.205366657,0.584764127,4.952137641
0.541115263,0.004302402,-0.929733323,-3.181441786,0.09817301,1.415292849
0.994522102,0.752286073,-1.179772776,-0.76309633,8.065836841,2.896762369
0.957959947,0.582566201,-0.16914446,-0.495875414,7.921177842,5.462725944
0.152484639,0.85091061,-0.714816039,-1.781761364,5.472494344,0.522245634
0.466348831,0.438813804,-1.16397423,0.170311785,1.044764037,0.754851764
0.792200723,0.17411562,-3.280125865,-1.972922484,5.904332826,4.058597807
0.663503631,0.706261964,-2.416467389,-0.626372531,0.210171876,1.590177062
0.106634154,0.548929575,0.195953191,0.207076979,0.275021543,1.540426836
0.304639838,0.784681352,-0.066592032,-2.166511792,4.825376333,4.220927697
0.67689198,0.734417313,-1.805934273,-0.364054084,-0.019221898,5.539329184
0.494533138,0.033928433,-2.920817198,-2.86459735,3.964483323,6.857586286
0.502612753,0.38112468,-1.754275158,-2.189109094,6.72413738,6.240103965
0.29054959,0.021184895,-1.653850719,-1.058801383,4.418750849,3.670666777
0.363354037,0.900276023,-2.445068087,-1.323245734,8.91358298,0.995900448
0.245176476,0.677222509,-1.861903144,-3.125538698,0.718390728,3.699308864
0.3996317,0.352804279,0.97471022,-2.395182386,0.790530106,2.504510771
0.086107351,0.698497922,-1.558804121,-2.054681718,3.814359692,0.514684483
0.411810536,0.74564998,-0.005380005,-0.107861768,4.492038612,2.18245128
0.380691409,0.067702112,-1.087855954,-1.671373124,5.299473379,3.508333066
0.731534506,0.908078408,0.063389945,-0.924742259,2.788272021,0.340921533
0.106441919,0.661018379,-1.749532118,-1.61555422,2.195901751,5.454382554
0.342217789,0.389135918,0.282793013,-1.882589446,2.658630626,6.065408963
0.646083271,0.47705436,-0.252685452,-1.122027105,3.754348619,1.053046817
0.837287117,0.305649563,-0.400608482,-2.128549371,1.620456316,8.502636838
0.355676715,0.974467982,-2.453698904,0.455080742,1.361979478,2.655252569
0.715394898,0.635922848,-0.046274036,-0.968571066,6.073451466,2.561708708
0.818481544,0.014349047,0.594190056,-3.213301692,3.451519973,5.558665055
0.583090398,0.342508783,-0.780910092,-1.247261196,1.151043969,1.509782559
0.184297027,0.400055585,-1.130900004,0.885451063,0.843749906,4.539618738
0.486729398,0.538834048,1.83123598,-0.700855127,0.218899533,2.089156922
0.894183507,0.48544206,-0.874180414,-1.853007822,1.055907224,1.461007258
0.317990452,0.503813195,0.574245273,-2.197864088,4.065888443,0.031061509
0.162616931,0.999631518,-0.794062038,-3.365960006,5.774827377,0.684536731
0.28742076,0.684697782,-2.334714313,-1.748937131,2.684350495,1.02045908
0.428371122,0.224127384,-0.469763148,-1.92936933,1.470829543,2.9616695
0.784627937,0.738879535,-0.589085302,-0.370264889,0.32807332,1.569082727
0.65470283,0.628859678,-0.791043955,-1.404509576,4.502871486,5.242965791
0.269036957,0.918779934,-1.322128638,-2.276258209,0.667552241,-0.428440495
0.768045981,0.778578736,-2.167628251,-3.143596445,7.585155027,0.27510732
0.650582323,0.374106401,-1.278447275,-0.460254367,1.213524832,2.774097873
0.203138094,0.31149037,-1.260648419,0.195998948,1.178104311,2.804206516
0.272017294,0.720408335,-0.996625755,-2.405605489,2.844448746,6.969332965
0.801635546,0.326215443,-1.269428912,-0.480677802,2.807955632,5.655251361
0.190034422,0.458984375,-0.779304849,0.228704394,4.301644682,2.618540201
0.910739003,0.780499267,-0.774640234,1.114625053,7.785690538,2.936493344
0.358438441,0.653408251,0.446722668,-3.848106512,1.471289358,5.761868357
0.736389014,0.775834417,-2.125972759,-0.927830679,5.323305499,6.546353581
0.767364483,0.437711212,-0.58617843,-0.412554979,4.937429338,2.816333632
0.214891024,0.421747427,-0.542927424,-0.913445749,0.538617757,5.653303113
0.163497878,0.596298264,-1.144819725,-1.772305619,3.591789498,5.19924414
0.255128933,0.084452034,-0.583005611,-1.761732958,4.134859209,6.75385237
0.300145231,0.738497713,-2.243726878,-1.253763835,-0.051300964,4.650356497
0.781286085,0.095802235,-1.267897516,-0.151714275,4.846315347,4.15898773
0.377310555,0.495685811,-1.945785577,-1.34959321,4.443595464,0.988939497
0.321121714,0.917993483,-1.238811634,-2.743198399,3.780181764,4.893731491
0.045317911,0.003310461,-0.28998925,-2.286465897,4.464526916,5.372075301
0.099115442,0.682240617,-1.527566029,-1.682069769,3.176971148,0.585468014
0.949344194,0.937796777,-2.755097504,-2.464811355,3.639070199,5.52747499
0.037500197,0.105093842,-1.661313835,-1.894750084,5.538032365,1.304068912
0.700083301,0.378452379,-1.252728428,-1.854758533,0.792519118,1.740442708
0.864513227,0.776640883,1.387595517,-0.167093062,1.630877739,1.308841151
0.940307952,0.960345992,-0.050881329,-1.751395173,3.804073002,3.026980359
0.12479951,0.072760553,1.109200375,0.861520493,3.674980143,0.472009784
0.084868251,0.742088483,-3.151141887,-1.114027422,2.698400304,1.872761905
0.177648677,0.486299076,-0.769895617,0.142216383,3.674023008,0.697932489
0.422226629,0.293160471,-0.839770154,-1.766771704,0.452796944,6.070596655
0.082108962,0.263842619,-2.144504424,-0.613390459,5.385018239,0.977694028
0.845760254,0.272678036,-1.55588841,-0.061258219,5.259334624,1.296927943
0.30437681,0.549921625,-1.822127039,-2.424810712,0.996446835,2.968031588
0.963081686,0.414263334,-1.558941771,-1.647450896,2.787570461,6.260496386
0.559896066,0.757718649,-1.956882361,-2.835258674,4.527622114,3.21959916
0.225427322,0.616743915,-0.140635915,-1.249946673,1.686571371,7.063551319
0.830778226,0.279782031,-0.786106211,-2.173491301,1.194779059,0.020699728
0.08264366,0.24049596,-1.631469772,-0.486008873,0.075479188,0.592492929
0.160774557,0.780395499,-0.628154309,-1.122037663,5.707022599,4.308550248
0.494599919,0.008867231,-0.812660909,0.177376779,2.297197063,0.340900661
0.140144196,0.754897579,-1.835862867,-1.788251918,0.997243423,0.905455477
0.145025707,0.940235652,-0.844093657,-2.105876459,6.15696397,1.803344961
0.437197138,0.674645715,-0.890167335,-0.069366105,5.447926508,1.465164308
0.764942859,0.779357036,-3.230896047,0.352401214,0.762847494,2.731409779
0.564250041,0.696743256,-1.54053887,-0.258466713,3.759358562,1.043314549
0.972291534,0.827339428,1.874647207,-1.433675434,4.556680524,4.478973882
0.347741776,0.261545841,0.695805841,-0.366876289,0.178628579,0.680915242
0.984705096,0.575887099,-0.771320678,-0.932185727,3.774634778,1.805402961
0.867305383,0.585967459,-1.162306051,-2.191245308,0.324717188,0.469288046
0.746859933,0.884942906,-1.34756733,-1.897495154,4.366257194,2.449707132
0.078188688,0.231715049,-2.454263834,-1.842625594,2.003157987,3.936997137
0.335830697,0.879736234,-0.736779868,-1.549865744,2.262645667,2.62356766
0.200317696,0.995609594,-0.254532867,-0.981288581,3.387878695,3.482258952
0.239520965,0.17169791,-3.783162989,0.336679264,0.679640188,7.14250737
0.385906147,0.232789857,-1.068724771,-1.359534121,2.807621278,1.289038894
0.796005875,0.901024198,-0.683905991,-0.914484877,0.647671863,1.811096373
0.438075683,0.517548576,0.4518289,-0.448457243,2.52766812,3.523596735
0.639690552,0.013654015,0.307933628,-0.550659615,7.891619197,3.581622542
0.34017156,0.833456374,0.906838314,-2.331727562,4.568871359,3.896786916
0.698233172,0.447699199,-1.211208136,-0.412426627,5.468719304,3.434737613
0.169330289,0.609256484,-0.596306343,0.351682077,3.885270931,4.167480631
0.030874374,0.119245061,-0.525305128,-0.953024677,0.548439755,5.458141993
0.251061755,0.340319126,-1.27863283,-0.178459617,2.795569469,3.939622102
0.843868417,0.176641539,-0.367184988,-3.186169964,2.966067337,3.925124833
0.180201527,0.764915384,-2.8816622,0.619327867,1.28159954,3.58966896
0.103784455,0.611074707,-2.388556956,-0.690302974,0.528507587,1.109535251
0.397489936,0.013103988,1.716277385,-0.678430181,3.915629214,1.160385447
0.327673266,0.359140911,-1.464743449,-0.565227586,0.819107333,5.010764366
0.711949718,0.025115824,-0.039072944,-1.316845325,0.93769851,6.643803408
0.236811975,0.005346452,-1.131445298,-2.047428349,3.340996094,2.828312024
0.872250248,0.321514237,-0.542314513,1.766915471,5.354109218,3.183774071
0.875610935,0.728707388,-0.871683855,-2.149879896,6.012607386,4.62285009
0.290132621,0.109708703,-0.058345493,-1.018028733,3.666978168,2.549496535
0.312564727,0.993586028,0.164763384,-1.435549622,1.274039347,4.431743991
0.24043244,0.956818794,-0.282105868,-1.48334373,1.141062334,5.637233482
0.339989555,0.050765832,-2.242556964,0.586820984,0.231780154,4.546188563
0.552046447,0.013318212,1.517663018,-1.429940621,3.484067419,0.844125772
0.010593316,0.197977852,2.167345664,-2.522788242,1.176436464,4.285371822
0.938335018,0.839120714,-1.242706229,-1.573507224,-0.113852727,6.927604857
0.487068375,0.69164464,-1.464852931,0.1047169,3.184956277,3.13766487
0.564287976,0.874314256,-1.651306874,0.161033341,7.030922289,1.111633749
0.060686188,0.060495546,-0.192851595,-2.007309899,1.302393907,1.241994776
0.292159911,0.250670023,-2.439419195,-1.761897834,5.570246276,2.501492848
0.456683596,0.31380201,-0.455585342,-1.97826669,5.690173308,0.335218734
0.484702143,0.497721554,-2.335875004,-3.067381977,0.986968995,4.223001654
0.481230521,0.800912333,-0.015478862,-2.500929673,1.011653592,1.385546975
0.709941451,0.963701964,-0.186863028,-1.021210956,2.229665513,0.814363106
0.828858142,0.107287275,-0.590461589,-0.879973097,6.684857502,1.478910177
0.319167638,0.528228394,-2.085334269,-1.734357445,1.342072066,0.968815535
0.131205788,0.766291788,-0.862022538,0.754902791,0.877204022,8.906626496
0.054643745,0.356016031,-0.558623038,-1.586366145,1.438217209,6.543859721
0.954422968,0.549181694,-1.179198953,1.439314973,2.862406784,0.944793533
0.600932337,0.137856584,-0.236113562,-0.123506908,2.45968708,0.068466048
0.639753036,0.862608873,-0.534420631,-1.009202869,1.108514226,4.515521685
0.899742062,0.286573839,-1.51220631,-2.543138,1.23308918,1.143973378
0.170688053,0.946983511,-0.408496937,-1.27789754,3.193812625,0.623737588
0.037966431,0.881701115,0.490447943,-0.832570315,0.186833838,3.0083661
0.932542771,0.373266367,-0.358715448,-0.057791368,1.030770107,4.586860239
0.413449067,0.567093846,-1.626345124,-3.138858488,2.949496186,4.161011163
0.375296539,0.678416126,-2.410182332,-1.96141671,0.867973909,1.449696691
0.490477843,0.320798879,-1.826732529,-2.823599915,0.800424991,0.48940015
0.42142313,0.728205859,-1.341561473,0.126979202,1.542024197,2.285424309
0.227405148,0.819386484,0.225202809,-1.691574862,4.738782767,4.696432356
0.509249415,0.042860938,-1.068070811,-0.283864499,0.711189114,1.074452827
0.712743203,0.237063392,-2.011529777,-2.248661142,1.305965673,7.493166124
0.725626959,0.658649416,-0.957471935,-0.292402773,7.157627566,5.836802473
0.834565352,0.476468966,-0.265397177,-0.830961992,3.231305971,0.040747366
0.611943286,0.333451744,-1.506622894,-0.501783914,2.490249701,1.048022815
0.217292826,0.100848051,-0.664460063,-1.114722522,1.178604577,4.254397342
0.15683912,0.979634217,1.501677455,-0.827934745,4.78043252,1.831186859
0.709662799,0.139498564,-1.701382496,-0.980647611,6.86488724,3.771877727
0.983626084,0.660021249,-1.279807094,-0.840081663,-0.290987257,1.309485379
0.031649749,0.391917229,-2.251785114,-0.905264996,6.017425717,5.625990335
0.983538046,0.321893686,-1.706911515,-0.839145059,2.667121967,2.755718172
0.931178826,0.753732727,0.664837604,0.148185487,4.617522079,3.895930037
0.813475515,0.090340358,-0.779172727,-2.367800279,-1.831666639,0.996555828
0.995674464,0.695743651,-0.11325505,-1.484664347,2.008252453,3.650130318
0.885555852,0.409013146,-0.901015679,-1.442426992,5.425482136,1.736050051
0.072625928,0.340635839,-4.128163491,-0.71462143,3.387854281,1.273288204
0.973355222,0.064635527,-0.420918765,-0.824297494,0.661411556,3.631416882
0.863048654,0.61521865,-1.695442514,-1.404446159,1.390011954,3.769675796
0.247827931,0.774509511,-1.377457004,-1.478271568,0.636343133,4.649446878
0.252509061,0.06398918,-0.840616519,-0.679557145,2.901621661,4.913842185
0.403094505,0.090460245,-0.32342653,-2.328032895,1.176920015,2.50332296
0.759552701,0.107626366,-1.827465014,1.192828734,3.324983256,1.359407336
0.164890247,0.252668159,0.045396925,-2.801648243,3.159327022,0.044376862
0.768300251,0.981055772,-2.237186696,-0.728233693,4.001889474,2.505820993
0.461619092,0.174021012,-0.305540555,-0.05770145,5.348517573,4.84463702
0.120201053,0.270658494,-1.599151075,-1.142763904,3.950319993,1.422826594
0.508206877,0.864332351,-0.197164402,-1.410368621,5.758012399,3.276350809
0.744027615,0.915610938,-1.597283378,-0.950647587,0.413375629,0.625302194
0.786299617,0.875275496,-0.431263482,-0.641361591,0.800883691,7.051388611
0.478837608,0.566444955,-1.855839581,-1.703674533,5.34331989,7.165277158
0.353272096,0.778326869,-1.411454633,-3.445491372,3.447945216,3.286815968
0.296388591,0.261568338,-0.15313397,-0.849880982,6.438416731,6.599171879
0.868023002,0.849159546,-2.924898475,0.491676853,1.113989129,1.464898121
0.848142381,0.834007732,-1.402361035,-0.433559574,0.23401612,2.631652721
0.497939028,0.37941244,-1.011478178,-1.646616831,4.168956384,1.104084625
0.529477161,0.906340815,0.135683012,-1.449316385,3.180128367,4.408371985
0.17130302,0.837394803,1.45510266,-1.693598761,5.812610177,0.887592252
0.908152521,0.349787744,1.102338554,-0.941946871,5.736700237,1.1035253
0.897424335,0.551637946,-1.121258291,-1.359927281,2.267827381,5.860656748
0.079931145,0.936338258,-0.794027022,0.563073198,2.259238696,0.631815695
0.236646527,0.79848431,-1.522116317,-1.620336648,5.033813041,4.283650135
0.960747107,0.801350327,-2.086069844,-2.765793778,6.496694479,0.653315038
0.749555269,0.041915062,-0.084238196,0.441525166,3.872271486,0.675878211
0.231428622,0.27641825,0.44991091,-0.980004132,3.802894907,0.452853034
0.595403802,0.849194173,-0.42967776,-0.877158438,5.552390104,0.764433237
0.511085199,0.513127391,0.692948857,-1.986160633,1.387222326,1.358641371
0.116883013,0.825633661,-2.060839017,-1.436864059,0.320777763,3.645041483
0.103724116,0.153129076,-0.055241739,-1.966960502,0.905189309,4.866247558
0.813053138,0.182217248,-1.463539085,-0.858798957,4.22826514,3.260817597
0.790807368,0.613668787,-0.222385387,0.87397258,1.445205684,-0.224346594
0.300447664,0.208291646,-3.87916328,-2.474288679,1.862866233,0.948407264
0.033439237,0.063318498,-1.091887764,-0.936338064,4.347415689,1.009722325
0.290265629,0.219134953,-1.115960661,-1.078200743,6.179428444,1.633216225
0.490712968,0.897421034,-1.355497215,-3.131158959,1.248183736,1.628915298
0.36148115,0.722403296,-0.113044107,0.176339531,0.625277799,0.298969814
0.317531843,0.83498169,-1.987784763,-2.449841229,2.178512773,4.476610005
0.080986944,0.91205112,0.148629495,-1.364685399,3.262415884,1.331298165
0.305989569,0.901454778,-1.528541865,-1.951459821,0.642132476,0.915756996
0.23499757,0.93362409,0.445452558,-1.127633014,1.298150844,3.875813539
0.720169998,0.76613436,-0.157350397,-1.404061335,1.300429368,7.645268533
0.062657692,0.275521188,-1.583369174,-1.440411956,0.357187867,5.579736083
0.734101284,0.595642686,-1.0684402,-0.720189323,3.700179507,5.985987261
0.0400268,0.935394964,-1.394271281,-1.573251913,1.182807512,1.591608474
0.663998739,0.945896813,-2.087821893,-2.349776838,0.801072274,0.725007177
0.320070484,0.999912119,0.08024504,0.395200156,3.368996876,4.28042202
0.439646993,0.30346709,0.15576019,-1.840685253,2.046715906,3.636858458
0.07096323,0.585054187,-2.008107764,0.230106507,3.274563192,3.81371914
0.785305146,0.162603894,-2.046009516,-2.22543855,1.81025298,5.965408539
0.809453326,0.409903201,-0.482216736,-1.491526213,0.48046546,3.44570587
0.881987901,0.694940905,-1.964069862,-2.54325641,4.876603244,1.75898597
0.994629827,0.803914389,0.719256457,-1.445409194,4.72326861,5.739497572
0.979177237,0.512559465,1.912555102,-0.741289785,4.747715016,1.566691788
0.324016412,0.224500521,-2.484816406,0.432720743,0.820059919,1.300993413
0.925611232,0.995519126,-0.405396377,-1.562354074,3.009228145,1.063211663
0.38031324,0.313069992,-0.939036682,-1.065869079,1.322171228,3.305841224
0.787870916,0.385029404,1.414217255,-1.782863647,0.204640512,4.705380676
0.100438846,0.383606379,-1.946424932,0.145383973,3.641064482,5.352319319
0.935138718,0.743175848,-0.573974919,0.144504057,5.639636818,4.941473095
0.033420093,0.705132527,-1.16286043,-0.660557425,4.651328155,0.841957836
0.813920329,0.498667438,-1.898428861,-1.018844764,2.134217818,3.998183182
0.003345753,0.941843634,-0.574693759,-0.382481757,3.963858569,1.444958355
0.992177998,0.765124073,-0.486515939,-3.098528199,3.678738917,5.027173523
0.872113378,0.753252193,-0.267284929,-0.55783767,5.849665783,1.132254258
0.548383687,0.69395493,-1.745049124,-2.301024368,4.122877157,1.627133323
0.131368043,0.510201476,0.161512863,-0.575118273,5.327223675,1.84028302
0.418068184,0.060085991,-0.837150244,-0.327973921,3.252001836,3.424682027
0.6866541,0.912701861,-1.239611547,-1.65989616,4.782676595,1.287505643
0.604403445,0.036701029,-0.786020715,-0.462656963,4.528310625,1.913665288
0.991421071,0.775621247,1.43631222,-0.884666455,0.40381734,0.834357501
0.568807285,0.606164559,-1.624902463,-2.070268721,1.145332381,1.184469129
0.83582773,0.963022545,-0.290406328,-2.074489072,0.691707716,6.565612389
0.370259902,0.597967409,-2.096520777,-1.777334056,4.271339599,0.976438111
0.568738479,0.720177209,-2.998961624,-1.566420068,0.595180187,5.799086779
0.847578586,0.837539727,0.479948101,0.943078475,1.015943945,3.825133621
0.059868649,0.325497595,0.737890684,-0.160565685,0.743786075,2.721679235
0.254864261,0.185945202,0.484727139,0.152819616,6.890208529,4.079787387
0.134189302,0.430301422,-2.214891593,-0.82522404,6.857346831,5.179940598
0.40575396,0.874318675,-1.312948658,-0.713629175,1.194076766,3.432651251
0.882445729,0.462132999,-1.594665317,-1.647030503,5.328114311,5.106786681
0.255012632,0.157655191,0.392040172,-1.85541138,5.652162959,3.059845895
0.753954327,0.978426756,0.255503591,-1.648498595,7.715929113,4.582004688
0.577907147,0.159178725,-2.074251615,-2.145921336,0.775811509,2.452161027
0.883134806,0.404021411,-0.391887549,-0.20488754,0.223861918,6.607856871
0.924245402,0.770548078,-1.774687321,-1.329167811,3.13093869,3.872438017
0.922123535,0.779081564,-0.348592829,0.684572299,1.088801238,1.201381772
0.149149364,0.12325392,-1.02158784,-0.778977378,4.391518694,4.264597375
0.190075429,0.774546909,-0.732095757,-3.305208835,0.782998374,0.860932095
0.520737029,0.768742194,-1.623885516,-0.491549319,1.881636363,0.067342617
0.368562097,0.604150594,0.186605182,-0.166424531,6.446952054,1.007392648
0.913990332,0.73628495,0.095073673,-0.523714591,5.706691779,1.984565812
0.257427213,0.709442917,-2.276199532,-2.596232768,4.708105761,1.452925231
0.175887497,0.297651485,-0.336299426,-1.716975976,4.69841658,4.950913778
0.942353405,0.22653429,0.18595371,0.764111123,3.30263966,0.762438816
0.620600022,0.6861769,-0.614790215,-1.042472908,4.525879285,6.350995377
0.918077546,0.977115508,-2.393623211,-0.501371627,1.033556726,0.28898628
0.86370638,0.607971612,-2.283703102,0.271703138,1.146791631,2.805495155
0.737354313,0.395764443,-1.54409855,0.998276455,1.463633565,0.55851398
0.603262535,0.061474752,-1.009115233,-1.119500541,1.574320744,3.973246879
0.474841012,0.486882523,-2.299634669,-2.658005231,0.377741189,5.601554761
0.853960876,0.869227735,-1.053694849,-2.024080889,4.93999907,7.061885464
0.826531301,0.333332036,0.584651237,-0.826964752,4.154080404,1.193293973
0.872897855,0.327914219,-1.25850565,-2.039186828,-0.761363808,0.721140761
0.960940615,0.651411163,-1.068019907,-1.42045408,2.303722695,4.461290019
0.032118787,0.635596456,1.166986414,-1.567676071,3.646203056,1.579147443
0.855174609,0.738758383,-0.638221944,-2.405706839,3.605188735,3.170052248
0.844921465,0.318393831,0.038837332,-1.339605112,4.687854386,1.056245936
0.633964845,0.594164731,-0.144919411,-2.690807944,5.382171325,5.991489415
0.984123235,0.13795042,-3.509557671,-1.858646662,1.677632514,1.937420207
0.030876211,0.408772403,0.857480172,-0.53304849,0.538740995,5.642459246
0.441016397,0.988163347,-0.878149921,-1.347843849,4.12621953,7.585197641
0.51897699,0.626132684,-0.220370073,-2.860654934,1.146778575,1.076133842
0.831082694,0.176449445,-3.194299377,-0.310226728,0.073862726,6.786153956
0.354844281,0.166560364,-0.73235539,-0.240830545,5.185328641,0.365093922
0.681867942,0.307106941,-2.057730539,-3.241565765,2.286563235,4.109543511
0.894596673,0.821220411,-1.805989308,-0.031109339,0.097004313,0.70889266
0.728978468,0.738602632,-2.32216319,-1.744026325,3.298114979,5.357222665
0.290131637,0.927698181,0.091351834,-0.427324289,6.283854471,1.619217799
0.085140223,0.474825615,-0.380760067,-0.402089623,3.454857361,0.907535874
0.732098728,0.541174645,0.164919723,-2.703215893,4.307469071,4.501566254
0.424580032,0.166370572,-2.412481908,-2.193249589,0.640145467,2.009951624
0.047149453,0.362286277,0.507588725,-0.939211887,0.568831083,0.951940334
0.567303758,0.198776305,-1.282342863,0.688986543,4.147733917,4.265308156
0.168227919,0.109240222,-0.324358689,-0.23734565,1.012984622,3.888814301
0.320408173,0.049794326,-1.631727612,-1.945760517,5.654563934,4.639016067
0.612310377,0.835804047,-0.835680518,0.695028533,5.283119804,3.190313851
0.775942008,0.696600736,-1.912871442,0.161475268,0.105218971,3.018715477
0.819476313,0.555091483,-2.044847807,1.226979867,4.691504762,5.063564695
0.32206975,0.907434995,0.249916849,-0.85146664,2.03238896,7.921086903
0.007990918,0.09892519,-1.608030946,1.618900804,1.636578544,1.439193532
0.247872668,0.994616561,-1.02830044,-1.143471956,3.502838909,0.926625861
0.081201051,0.403947353,-1.317005533,-1.204213992,2.362965045,1.100077731
0.20409439,0.477006391,1.40915246,-1.300533853,3.871461847,1.723990542
0.266286592,0.673013111,-2.274456322,-0.069315023,1.317710583,0.877597708
0.44062905,0.332983094,-2.712058387,0.046429483,2.133847046,0.586835999
0.924913281,0.445689253,-2.557464226,-0.507499209,3.961185506,0.88705804
0.117063401,0.626388335,-1.777514573,-1.248251666,4.05584997,0.935395212
0.825988959,0.575652756,-0.676794455,-2.132107278,5.045158425,3.177095126
0.896950693,0.406572891,-3.674441942,-0.838237656,5.419383298,5.324107637
0.763604799,0.944165061,-0.803446817,-0.845993385,0.290377598,4.822874947
0.098964493,0.797709315,-1.139874751,0.248236613,3.345633657,4.406883072
0.787615961,0.157300941,-1.977506384,-2.297508448,2.782822021,3.872628643
0.20747561,0.437400926,-1.231205143,-0.542612055,1.16789761,3.269058585
0.147044118,0.210351472,-3.099411941,-1.792170931,5.796580529,6.238661338
0.636348652,0.105679376,-0.930987064,-0.807462323,4.324582681,1.293109764
0.323589918,0.308279539,0.809402868,-1.89563438,1.233627337,4.994320084
0.91667685,0.131558685,-1.09473815,-0.182994584,2.268073497,1.763537218
0.99227407,0.475765969,-2.730666082,-0.515955613,1.531390292,1.486409259
0.434412095,0.017381617,-0.440933665,-1.400243158,5.367424407,3.782149474
0.47042388,0.545679442,-2.272623842,-1.543778798,0.811190946,4.862370286
0.072014316,0.315464382,-3.339258009,-3.038344029,2.111964451,0.59912037
0.055276991,0.841024001,2.250356177,-1.820078218,4.711624441,2.974451881
0.170196914,0.964832271,-1.743291914,-1.08259604,1.71829446,6.599372071
0.363035183,0.08804834,-1.774059383,-0.499266512,0.540180508,1.429633333
0.589674952,0.389471525,-0.029941087,0.136674768,3.91268594,5.053889729
0.405417199,0.538525206,-1.736913704,-2.168849859,1.198218414,0.905287767
0.315535584,0.666061743,-0.511971978,0.474314573,4.020526432,4.388282374
0.098230613,0.859989517,0.483295233,-1.820661623,5.82096841,2.980304723
0.762309239,0.074393209,-1.329750078,-0.24107987,2.872421517,3.741894742
0.794658528,0.858527214,-1.639337587,-0.750289138,4.888905259,2.29920788
0.990334168,0.682973823,-2.872180127,-0.251020186,1.082656304,4.839798271
0.042694755,0.668580459,0.363953732,-2.35722223,4.964088181,2.066411242
0.93201465,0.584032053,0.548805288,-1.497548626,6.77883614,6.670542611
0.230242015,0.301695054,-1.067538881,0.102286499,1.658146288,1.735875231
0.249565606,0.705718374,-1.494174126,-0.09764142,5.06545818,1.145279917
0.376084819,0.930926415,-1.30393548,-1.955832554,2.794944272,1.208934157
0.984204599,0.430285192,-1.647455358,-1.112598929,5.800318818,4.856940768
0.66287133,0.558745665,-1.481444366,-0.347716395,6.523276382,3.274006327
0.926808202,0.092613075,-1.070535914,-1.713833456,1.245188633,4.520189857
0.659261501,0.631008399,-0.881951904,-1.457262697,1.312040157,1.017371733
0.314630076,0.231756811,-2.159625513,-2.963653461,2.089976164,1.567388352
0.184360243,0.24546446,-1.25839391,-0.10380925,1.753627891,4.411635214
0.846349035,0.65056772,-2.614632967,-0.723879804,4.748354705,1.093518744
0.818863769,0.286096772,-1.971663082,-3.300654571,1.113748069,4.048794247
0.543266366,0.02804814,-0.669600832,0.815742932,0.447671085,0.595978004
0.523983242,0.518212578,-2.500674515,-0.728178833,2.541748804,1.525063036
0.55048076,0.33844393,-1.538233723,-0.672077422,5.191650977,4.827901207
0.177732983,0.822394617,-0.172207665,-1.332606759,5.299042633,3.445360731
0.173973885,0.04687865,-0.686375195,-1.030866547,2.840603866,3.343819803
0.326032767,0.929320439,-0.60656521,-1.841345675,4.359065393,4.511929488
0.775240153,0.783695892,-1.06667003,-2.416771767,1.780246868,1.493107299
0.807893289,0.791075947,-2.254723335,-1.144874826,1.382624978,4.74445679
0.456448956,0.515005311,-1.606291103,-0.254610875,2.237964375,3.427787825
0.773751104,0.848253437,-0.919282448,-1.455415284,2.775978114,6.431358871
0.306989423,0.061359514,-1.272916477,-1.093815056,1.039938554,1.797417555
0.513583387,0.884805957,-0.627679411,-1.331791581,3.907554933,3.870141297
0.435246481,0.52367288,-0.720357014,0.335615724,4.678959622,-0.317780621
0.384832168,0.527213463,-1.843153061,-1.283256666,4.572068323,1.378479577
0.361672065,0.378135996,0.1152484,-1.665707918,1.246288977,0.606007784
0.967405927,0.953687501,1.02108773,-1.48474056,3.850419376,3.224137785
0.819272044,0.248669622,-2.061623448,-1.762264666,3.788464174,2.043122246
0.943926661,0.98506012,-0.585826196,-0.267659766,7.675457354,7.523305221
0.209367342,0.81570032,-1.65412893,-0.910057787,-0.081356893,2.22183183
0.359114081,0.804275945,-1.485764188,-2.049533226,2.757670801,1.11202792
0.969417645,0.195902577,-1.895354073,-1.341947751,0.063305857,4.837566394
0.962462429,0.105657885,-0.759682259,-1.341153344,0.470164013,0.572240557
0.624699166,0.830829239,0.616910445,-0.869116507,0.379336104,3.185799989
0.162765396,0.775096038,-3.048405834,-0.594976786,4.28678514,0.747716262
0.847586473,0.814236266,-1.357737178,-1.849349592,2.912252592,3.774640497
0.942157498,0.871605868,-1.173526089,-2.62780231,5.497602091,6.97551838
0.338371065,0.082288581,-0.476168881,-0.35279462,0.393432821,4.326869179
0.120684358,0.090330868,-0.856434359,-1.527318996,1.169136643,-0.100363503
0.757435788,0.866904896,-1.278390661,-1.207753224,1.235888783,2.996391189
0.788573679,0.971006828,-2.822403327,0.111098303,1.556826412,1.381062729
0.395007633,0.684884272,-2.353722014,-0.817321082,3.639264609,4.598928005
0.133856728,0.678247889,-0.455794574,0.065460586,6.063906581,6.136066313
0.018855664,0.684095716,2.306406631,-0.824514494,4.052754921,4.711119758
0.637318916,0.69337764,-0.22802957,-0.400716331,5.589076805,2.874366719
0.928075693,0.564714353,-1.056356391,-1.032450325,2.091687821,2.835162188
0.652261162,0.462927837,-0.993092364,-0.231260905,5.164027641,5.792378826
0.53152147,0.268953138,0.658727594,-1.097049869,2.92175736,6.316609204
0.471373334,0.510564452,-0.854896103,1.031244853,4.919642451,3.884605278
0.210212651,0.984127734,-0.879024864,-1.416941333,5.424439774,5.023629856
0.717352353,0.672947488,-1.028057143,0.777342432,0.090727765,-0.17603662
0.209250497,0.24979483,-1.79174319,-2.865967328,4.53770493,5.062415012
0.545113427,0.803967439,-1.253016256,0.184948963,4.838046906,4.206105433
0.833655554,0.32753972,-1.109618168,0.306700571,2.585171193,1.305334098
0.22699593,0.055134481,0.510295085,-0.539155142,6.301502896,5.342089562
0.353272346,0.785830387,-1.662903394,-1.823214562,4.100767256,4.441866452
0.556957037,0.941690648,-1.68063162,-0.671623714,4.742825538,5.707535842
0.0147297,0.197712469,-0.900562912,0.094096347,5.256284551,1.773454245
0.179654674,0.252025928,-2.03025512,-2.482209231,3.506081946,3.750105732
0.04437907,0.993368477,-1.502375966,-0.547087598,4.019737402,5.411895527
0.736724817,0.606173366,-2.020904301,-2.468478101,1.68759178,1.096751148
0.251865056,0.086901433,-1.96622094,-1.025382447,4.456780464,0.496205831
0.841551726,0.041218311,-0.893419746,-1.493886053,1.551842369,2.489370026
0.796527402,0.768349509,-2.083193481,-0.098363769,1.288633583,4.055056358
0.16370603,0.883134693,-0.474048866,-1.450813815,0.404330796,-0.012129332
0.049832802,0.113605445,-0.418778979,-2.801645758,3.672612767,4.676847405
0.343766255,0.530278002,-2.207671494,-0.683102911,2.930610653,4.167291119
0.178834846,0.636851666,-0.992488383,-0.780331564,0.835935296,0.688684626
0.111791875,0.738020068,-1.018969756,-1.525721075,0.114504449,1.120714418
0.417335136,0.085897471,-0.852800218,1.534049268,1.744995594,3.981045733
0.240013567,0.612267546,-0.142973988,-0.50117185,3.909861536,1.389354699
0.978880192,0.212265278,-1.729590491,-0.043171934,3.780260289,3.797480533
0.285720215,0.256469709,-1.701155761,-1.206221714,4.680494327,5.682844693
0.413852386,0.246349003,-1.326969425,-0.778338788,1.044474731,3.270127068
0.712801143,0.177729794,-1.313516303,-1.554390451,0.096026569,5.585485131
0.075782608,0.306989184,-2.18773576,-0.075586238,0.71988018,3.170296472
0.409163572,0.876246616,-1.121185866,-2.470447259,2.645230489,3.587240454
0.126175023,0.324251113,-0.430914853,-0.585927395,4.140903792,1.298504107
0.506658878,0.571906015,-1.8888455,-0.731407707,3.800421255,5.038783003
0.694084241,0.044049584,-0.139047063,-0.516797218,0.421530251,7.038268578
0.459267491,0.203910013,-1.543322742,-1.499552757,6.261165435,1.17244364
0.806969766,0.140000836,-0.569186155,-0.539621723,3.439198654,0.177653963
0.371586792,0.561810703,0.720747239,-0.375634076,3.065377758,4.886455086
0.690936359,0.606767105,-0.463325465,-2.107565312,2.245716957,3.64890157
0.908069584,0.839358013,-0.953080752,-0.758701545,0.895573829,1.488806696
0.184238734,0.694568986,-2.355108087,-0.360740132,1.715038898,6.646532927
0.508297675,0.182160086,-2.714689389,-1.632894728,2.503402262,1.134513565
0.456565615,0.268077225,-1.305628775,0.349742806,5.697305338,2.129725935
0.913334764,0.250740129,-0.627593724,1.066339348,5.49815378,5.471584051
0.15006316,0.350662214,-1.982264377,-0.74349807,1.352931768,-0.004653296
0.009762371,0.074919903,-2.34459822,-0.367898607,1.113868187,0.941123659
0.690670669,0.192646644,-0.612624981,-0.629226598,1.175007435,5.413218035
0.716507349,0.198924548,-0.430911038,-1.386080869,1.897699157,4.298724242
0.268663663,0.679519139,-2.381714961,-1.199666443,2.344884275,4.360183517
0.254376989,0.687768509,-1.411955718,-0.562945445,4.779182531,0.83988053
0.974077004,0.968112318,1.526468599,-0.482333759,2.811704369,2.997747361
0.830194356,0.192283946,-0.470130463,-0.114237655,2.468043877,4.088535215
0.526521991,0.718915823,-0.705652263,1.546249141,1.778549722,1.590086836
0.303695538,0.338184063,-0.660106171,1.536304958,0.232272954,5.586275115
0.07220041,0.080098299,0.388881486,-2.309172099,4.568113347,1.168627138
0.166259066,0.215076316,0.018278101,0.647359675,1.982353122,0.986306448
0.941360099,0.570873558,-1.335318245,-2.182119974,2.754410197,3.10685002
0.716618227,0.780600583,-1.087267523,-0.401715744,0.025238983,0.717434441
0.941422173,0.334729602,-0.278573082,-2.80930715,1.032600182,4.667220095
0.380702011,0.384581614,0.150152904,-0.620920085,0.871739967,5.24590285
0.508925614,0.626125445,-2.527498526,-1.506005601,3.713691257,1.168752978
0.825955375,0.450446208,0.063227104,0.8407289,1.769451114,3.501292687
0.937457378,0.316713356,-1.912162208,-1.257956132,5.182927612,2.824562813
0.140517755,0.618674854,-1.062521872,-0.444487616,1.47267146,0.451047525
0.46079907,0.517878781,-1.870716857,-3.973894749,1.833661878,5.951857418
0.535154575,0.539999672,-0.086066088,-0.815480126,0.715002296,2.446797948
0.169323781,0.584262881,-0.777725969,-0.760631087,2.516427338,4.810699072
0.408231386,0.63095334,-1.646851054,0.417579972,1.957727123,3.903706452
0.657126416,0.392248835,0.672824495,-0.672738054,1.558633739,0.586839112
0.17699885,0.836092244,-1.365615839,0.249454673,3.594926043,6.094000466
0.93962628,0.742673911,-2.200572405,-0.471768938,2.924329074,3.510625114
0.897825573,0.948401307,-1.510449753,0.009022074,4.517848827,0.668694837
0.458208101,0.878783674,-1.651322001,0.814510064,0.456506938,1.453266888
0.500678031,0.587063704,-1.420740347,0.361168298,1.112063456,7.620393225
0.840263432,0.829110866,-1.210006474,-0.547809246,0.615988745,3.469975518
0.11303163,0.130422934,-0.097785751,0.391964228,5.291217373,6.3576307
0.124670656,0.966150612,-1.332106372,-1.812354464,4.235128033,0.620169086
0.559289264,0.768261839,-2.155160806,-1.688174659,5.703054952,5.095915918
0.08320837,0.371057491,-0.306932591,-0.891689081,3.75827119,3.161730881
0.785090087,0.413385297,-2.154338698,-0.397929963,3.73812848,1.187784857
0.393976203,0.795617794,-1.155165194,-1.561029659,1.76659339,2.263458819
0.795844996,0.732782124,-0.94187444,-3.185972029,0.660975609,0.624055088
0.465037783,0.591368237,-1.617893172,-1.31029744,0.309325165,4.045270052
0.670416293,0.648117528,-1.766960566,-0.981908886,2.456794611,0.946274935
0.985956376,0.177102349,-2.19341285,-2.030854447,1.271141317,2.373038101
0.206824787,0.478514497,-1.289430467,-0.816834172,5.081763691,4.129435113
0.289665603,0.920098288,0.046932633,-1.14501026,5.381668966,3.319133871
0.829181755,0.268833496,-0.797560265,0.302436842,6.518117732,3.912253924
0.440118357,0.508721717,-0.947849382,-0.549028253,1.164042348,1.534001994
0.366836141,0.94985102,-1.503104133,-1.275132402,7.83445443,5.224588187
0.9764518,0.58323002,-1.278532845,-3.120201031,4.752107769,5.106284027
0.900779121,0.763061421,-1.220512135,-1.785681088,4.802342935,1.198755842
0.113523748,0.449049455,-0.744523348,-0.3271645,4.220860286,4.695662165
0.029365301,0.416860366,-3.226991261,-0.862921899,4.991416987,3.064268116
0.693454389,0.006504834,-1.843729318,0.363092114,4.004106888,1.742876785
0.278003528,0.607799712,-0.243041494,0.336052685,3.645969368,6.523012351
0.334992643,0.21363604,-0.2403187,1.455042531,7.778701807,4.301081075
